trajectory_id,vehicle,trajectory_start_timestamp,trajectory_end_timestamp,stop_number,stop_start_timestamp,stop_end_timestamp,detected_berth,start_route,start_direction,start_assigned_berth,end_route,end_direction,end_assigned_berth,start_longitude,start_latitude,remarks
9031005917108310-0,9031005917108310,1647931479,1647931633,0,1647931491,1647931518,-1,555,0,C1,-1,-1,-1,15.624306678772,58.4166221618652,{}
9031005917108310-0,9031005917108310,1647931479,1647931633,1,1647931562,1647931631,-1,-1,-1,-1,-1,-1,-1,15.6221208572388,58.4177055358887,{'zone': True}
9031005917108310-1,9031005917108310,1647933720,1647933727,-1,-1,-1,-1,-1,-1,-1,-1,-1,-1,-1.0,-1.0,-1
9031005917108310-2,9031005917108310,1647933762,1647933951,0,1647933793,1647933917,-1,-1,-1,-1,555,1,C1,15.6228513717651,58.4173851013184,{}
9031005917108316-0,9031005917108316,1647931294,1647931410,0,1647931325,1647931347,C1,65,0,C1,-1,-1,-1,15.6228609085083,58.4174537658691,{}
9031005917108316-0,9031005917108316,1647931294,1647931410,1,1647931370,1647931406,-1,-1,-1,-1,-1,-1,-1,15.6221733093262,58.4177360534668,{'zone': True}
9031005917108316-1,9031005917108316,1647931790,1647931830,0,1647931798,1647931827,-1,-1,-1,-1,620,1,C2,15.6221590042114,58.4177284240723,{'zone': True}
9031005917108316-2,9031005917108316,1647931940,1647932166,0,1647931976,1647932113,C2,620,1,C2,620,1,C2,15.62331199646,58.4172019958496,{}
9031005917108316-2,9031005917108316,1647931940,1647932166,1,1647932119,1647932130,C2,620,1,C2,620,1,C2,15.6233186721802,58.4172134399414,{}
9031005917108322-0,9031005917108322,1647931417,1647931873,0,1647931435,1647931801,B6,520,0,C2,240,1,B6,15.6244239807129,58.4167633056641,{}
9031005917108324-0,9031005917108324,1647934536,1647934648,0,1647934546,1647934561,C5,566,0,C1,-1,-1,-1,15.6243000030518,58.4166564941406,{}
9031005917108324-0,9031005917108324,1647934536,1647934648,1,1647934598,1647934644,-1,-1,-1,-1,-1,-1,-1,15.6221752166748,58.4177474975586,{'zone': True}
9031005917108411-0,9031005917108411,1647931616,1647931750,0,1647931629,1647931648,C4,522,0,C3,-1,-1,-1,15.6239290237427,58.4168586730957,{}
9031005917108411-0,9031005917108411,1647931616,1647931750,1,1647931698,1647931733,-1,-1,-1,-1,-1,-1,-1,15.6224527359009,58.4177627563477,{}
9031005917108852-0,9031005917108852,1647931947,1647933072,0,1647931965,1647932006,C5,617,0,C2,-1,-1,-1,15.6242427825928,58.4167251586914,{}
9031005917108852-0,9031005917108852,1647931947,1647933072,1,1647932029,1647932137,C3,-1,-1,-1,-1,-1,-1,15.6236715316772,58.4170227050781,{}
9031005917108852-0,9031005917108852,1647931947,1647933072,2,1647932155,1647933016,C2,-1,-1,-1,616,1,C2,15.6233167648315,58.4171829223633,{}
9031005918308611-0,9031005918308611,1647931483,1647931657,0,1647931509,1647931566,C2,30,0,C1,-1,-1,-1,15.6233186721802,58.4172019958496,{}
9031005918308611-0,9031005918308611,1647931483,1647931657,1,1647931595,1647931603,-1,-1,-1,-1,-1,-1,-1,15.6228189468384,58.4176445007324,{}
9031005918308611-0,9031005918308611,1647931483,1647931657,2,1647931617,1647931634,-1,-1,-1,-1,-1,-1,-1,15.6226987838745,58.4177742004395,{}
9031005918308614-0,9031005918308614,1647931562,1647931663,0,1647931588,1647931597,C2,-1,-1,-1,-1,-1,-1,15.6233186721802,58.4171867370606,{}
9031005918308614-0,9031005918308614,1647931562,1647931663,1,1647931626,1647931636,-1,-1,-1,-1,-1,-1,-1,15.6228351593018,58.4176368713379,{}
9031005918308614-1,9031005918308614,1647932112,1647932132,0,1647932119,1647932125,-1,-1,-1,-1,-1,-1,-1,15.6221036911011,58.4178009033203,{'zone': True}
9031005918308614-2,9031005918308614,1647932183,1647932488,0,1647932213,1647932384,B4,-1,-1,-1,243,1,B4,15.6237812042236,58.417106628418,{}
9031005918308614-2,9031005918308614,1647932183,1647932488,1,1647932423,1647932486,-1,243,1,B4,243,1,B4,15.6221876144409,58.4176902770996,{'zone': True}
9031005918308614-3,9031005918308614,1647933201,1647933627,0,1647933229,1647933605,C1,-1,-1,-1,39,1,C1,15.6228637695313,58.4174728393555,{}
9031005918308621-0,9031005918308621,1647931797,1647931894,0,1647931813,1647931835,C5,39,0,C1,-1,-1,-1,15.6242828369141,58.4166679382324,{}
9031005918308621-1,9031005918308621,1647932165,1647932181,-1,-1,-1,-1,-1,-1,-1,-1,-1,-1,-1.0,-1.0,-1
9031005918308621-2,9031005918308621,1647932224,1647932529,0,1647932242,1647932403,B6,-1,-1,-1,240,1,B6,15.6244077682495,58.4167671203613,{}
9031005918308621-2,9031005918308621,1647932224,1647932529,1,1647932437,1647932493,-1,240,1,B6,240,1,B6,15.6230354309082,58.41748046875,{}
9031005918308622-0,9031005918308622,1647933329,1647933465,0,1647933334,1647933344,-1,521,0,C3,521,0,C3,15.6246814727783,58.4163627624512,{}
9031005918308622-0,9031005918308622,1647933329,1647933465,1,1647933391,1647933420,C2,521,0,C3,-1,-1,-1,15.6233577728271,58.4171562194824,{}
9031005918308622-0,9031005918308622,1647933329,1647933465,2,1647933443,1647933449,-1,-1,-1,-1,-1,-1,-1,15.6228036880493,58.4176597595215,{}
9031005918308625-0,9031005918308625,1647931510,1647931646,0,1647931528,1647931551,C3,522,0,C3,-1,-1,-1,15.6236562728882,58.4169960021973,{}
9031005918308625-0,9031005918308625,1647931510,1647931646,1,1647931588,1647931632,-1,-1,-1,-1,-1,-1,-1,15.622428894043,58.4177703857422,{}
9031005918308625-1,9031005918308625,1647932187,1647932238,0,1647932200,1647932230,-1,539,1,C1,539,1,C1,15.6221408843994,58.4178009033203,{'zone': True}
9031005918308625-2,9031005918308625,1647932288,1647932496,0,1647932324,1647932395,-1,539,1,C1,539,1,C1,15.6230812072754,58.4173164367676,{}
9031005918308625-2,9031005918308625,1647932288,1647932496,1,1647932429,1647932488,-1,539,1,C1,539,1,C1,15.6225109100342,58.4177513122559,{}
9031005918308626-0,9031005918308626,1647931803,1647931968,0,1647931833,1647931866,C4,39,0,C1,-1,-1,-1,15.6239280700684,58.4168510437012,{}
9031005918308626-0,9031005918308626,1647931803,1647931968,1,1647931924,1647931963,-1,-1,-1,-1,-1,-1,-1,15.6221714019775,58.4177284240723,{'zone': True}
9031005918308629-0,9031005918308629,1647931913,1647932056,0,1647931931,1647931976,C3,240,1,B6,240,1,B6,15.623628616333,58.4170341491699,{}
9031005918308629-0,9031005918308629,1647931913,1647932056,1,1647932028,1647932052,-1,240,1,B6,240,1,B6,15.6222553253174,58.4177207946777,{'zone': True}
9031005918308630-0,9031005918308630,1647933365,1647933470,0,1647933380,1647933411,B6,30,0,C1,-1,-1,-1,15.6243858337402,58.4167785644531,{}
9031005918308630-0,9031005918308630,1647933365,1647933470,1,1647933444,1647933451,B1,-1,-1,-1,-1,-1,-1,15.6228771209717,58.4175529479981,{}
9031005918308630-1,9031005918308630,1647934461,1647934464,-1,-1,-1,-1,-1,-1,-1,-1,-1,-1,-1.0,-1.0,-1
9031005918308630-2,9031005918308630,1647934499,1647934649,0,1647934524,1647934595,-1,-1,-1,-1,30,1,C1,15.6229906082153,58.4173240661621,{}
9031005918308630-2,9031005918308630,1647934499,1647934649,1,1647934624,1647934645,-1,30,1,C1,30,1,C1,15.6221742630005,58.4176902770996,{'zone': True}
9031005918308644-0,9031005918308644,1647930634,1647930757,0,1647930658,1647930695,C4,522,0,C3,-1,-1,-1,15.6239757537842,58.4168319702148,{}
9031005918308644-0,9031005918308644,1647930634,1647930757,1,1647930733,1647930747,-1,-1,-1,-1,-1,-1,-1,15.6226654052734,58.4177665710449,{}
9031005918308644-1,9031005918308644,1647931642,1647931653,-1,-1,-1,-1,-1,-1,-1,-1,-1,-1,-1.0,-1.0,-1
9031005918308644-2,9031005918308644,1647931690,1647931857,0,1647931711,1647931725,C4,-1,-1,-1,521,1,C3,15.6239585876465,58.4168128967285,{}
9031005918308644-2,9031005918308644,1647931690,1647931857,1,1647931732,1647931735,C4,521,1,C3,521,1,C3,15.6239461898804,58.4168319702148,{}
9031005918308644-2,9031005918308644,1647931690,1647931857,2,1647931751,1647931809,C3,521,1,C3,521,1,C3,15.6236619949341,58.4170227050781,{}
9031005918308718-0,9031005918308718,1647930341,1647930945,0,1647930360,1647930902,C3,566,0,C1,522,1,C3,15.6236238479614,58.4170227050781,{}
9031005918308719-0,9031005918308719,1647931066,1647931269,0,1647931094,1647931100,-1,540,0,C1,-1,-1,-1,15.6233358383179,58.4173126220703,{'at_crossing': 'B2'}
9031005918308719-0,9031005918308719,1647931066,1647931269,1,1647931102,1647931110,-1,-1,-1,-1,-1,-1,-1,15.6233491897583,58.4172973632813,{'at_crossing': 'B2'}
9031005918308719-0,9031005918308719,1647931066,1647931269,2,1647931112,1647931144,-1,-1,-1,-1,-1,-1,-1,15.6233291625977,58.4172744750977,{'at_crossing': 'B2'}
9031005918308719-0,9031005918308719,1647931066,1647931269,3,1647931151,1647931156,B3,-1,-1,-1,-1,-1,-1,15.6233730316162,58.417236328125,{}
9031005918308719-0,9031005918308719,1647931066,1647931269,4,1647931159,1647931190,-1,-1,-1,-1,-1,-1,-1,15.6233787536621,58.4172134399414,{}
9031005918308719-0,9031005918308719,1647931066,1647931269,5,1647931195,1647931227,C2,-1,-1,-1,-1,-1,-1,15.6233530044556,58.4172058105469,{}
9031005918308719-1,9031005918308719,1647931306,1647931425,0,1647931321,1647931375,B6,-1,-1,-1,240,1,B6,15.624400138855,58.4167938232422,{}
9031005918308719-2,9031005918308719,1647932738,1647933041,0,1647932764,1647932773,-1,566,1,C1,566,1,C1,15.6227054595947,58.417423248291,{}
9031005918308719-2,9031005918308719,1647932738,1647933041,1,1647932839,1647932868,C1,566,1,C1,566,1,C1,15.6228380203247,58.4174575805664,{}
9031005918308719-2,9031005918308719,1647932738,1647933041,2,1647932870,1647932897,C1,566,1,C1,566,1,C1,15.6228799819946,58.4174346923828,{}
9031005918308719-2,9031005918308719,1647932738,1647933041,3,1647932901,1647932999,C1,566,1,C1,566,1,C1,15.6228828430176,58.4174499511719,{}
9031005918308719-2,9031005918308719,1647932738,1647933041,4,1647933035,1647933039,-1,566,1,C1,566,1,C1,15.6222677230835,58.4176902770996,{'zone': True}
9031005918308721-0,9031005918308721,1647932003,1647932159,0,1647932026,1647932092,B4,-1,-1,-1,243,1,B4,15.6237840652466,58.4170837402344,{}
9031005918308724-0,9031005918308724,1647931300,1647931838,0,1647931333,1647931348,-1,-1,-1,-1,-1,-1,-1,15.6230421066284,58.4173011779785,{}
9031005918308724-0,9031005918308724,1647931300,1647931838,1,1647931362,1647931462,C1,-1,-1,-1,-1,-1,-1,15.6228504180908,58.4174575805664,{}
9031005918308724-0,9031005918308724,1647931300,1647931838,2,1647931465,1647931801,C1,-1,-1,-1,39,1,C1,15.6228275299072,58.4174423217773,{}
9031005918308724-0,9031005918308724,1647931300,1647931838,3,1647931826,1647931830,-1,39,1,C1,39,1,C1,15.6223707199097,58.4177322387695,{}
9031005918308725-0,9031005918308725,1647933650,1647933731,0,1647933664,1647933677,B6,39,0,C1,-1,-1,-1,15.6243801116943,58.4167747497559,{}
9031005918308725-1,9031005918308725,1647934414,1647934432,0,1647934422,1647934428,-1,-1,-1,-1,-1,-1,-1,15.6221132278442,58.4177169799805,{'zone': True}
9031005918308725-2,9031005918308725,1647934490,1647934579,0,1647934507,1647934527,C4,-1,-1,-1,513,1,C4,15.6239242553711,58.4168586730957,{'at_crossing': 'C3'}
9031005918308725-2,9031005918308725,1647934490,1647934579,1,1647934529,1647934537,C4,513,1,C4,513,1,C4,15.6239738464355,58.4168739318848,{}
9031005918308726-0,9031005918308726,1647931061,1647931148,0,1647931071,1647931094,C5,540,0,C1,-1,-1,-1,15.624285697937,58.4166793823242,{}
9031005918308732-0,9031005918308732,1647932734,1647932835,0,1647932763,1647932777,-1,-1,-1,-1,-1,-1,-1,15.6235466003418,58.4169311523438,{}
9031005918308732-0,9031005918308732,1647932734,1647932835,1,1647932806,1647932810,-1,-1,-1,-1,-1,-1,-1,15.6223859786987,58.4177551269531,{}
9031005918308732-0,9031005918308732,1647932734,1647932835,2,1647932813,1647932824,-1,-1,-1,-1,-1,-1,-1,15.622386932373,58.4177551269531,{}
9031005918308732-1,9031005918308732,1647933450,1647933460,-1,-1,-1,-1,-1,-1,-1,-1,-1,-1,-1.0,-1.0,-1
9031005918308732-2,9031005918308732,1647933527,1647933700,0,1647933555,1647933566,C3,521,1,C3,521,1,C3,15.6236333847046,58.4169921875,{}
9031005918308732-2,9031005918308732,1647933527,1647933700,1,1647933573,1647933580,C3,521,1,C3,521,1,C3,15.6236743927002,58.4170455932617,{}
9031005918308732-2,9031005918308732,1647933527,1647933700,2,1647933582,1647933620,C3,521,1,C3,521,1,C3,15.6236600875855,58.4170417785645,{}
9031005918308732-2,9031005918308732,1647933527,1647933700,3,1647933653,1647933698,-1,521,1,C3,521,1,C3,15.6221761703491,58.417724609375,{'zone': True}
9031005918308733-0,9031005918308733,1647930410,1647930814,0,1647930444,1647930760,C2,539,0,C1,520,1,C2,15.6233186721802,58.4172058105469,{}
9031005918308733-0,9031005918308733,1647930410,1647930814,1,1647930795,1647930803,E2,520,1,C2,520,1,C2,15.6223440170288,58.4177551269531,{}
9031005918308734-0,9031005918308734,1647929797,1647929890,0,1647929806,1647929835,C5,513,0,C4,-1,-1,-1,15.6242589950562,58.4166717529297,{}
9031005918308742-0,9031005918308742,1647930129,1647930275,0,1647930147,1647930172,C4,617,0,C2,-1,-1,-1,15.6239738464355,58.4168548583984,{}
9031005918308742-0,9031005918308742,1647930129,1647930275,1,1647930209,1647930261,-1,-1,-1,-1,-1,-1,-1,15.622631072998,58.4177856445313,{}
9031005918308742-1,9031005918308742,1647933712,1647933832,0,1647933736,1647933764,C3,522,0,C3,-1,-1,-1,15.6236371994019,58.4170150756836,{}
9031005918308742-1,9031005918308742,1647933712,1647933832,1,1647933812,1647933830,-1,-1,-1,-1,-1,-1,-1,15.6221971511841,58.4177055358887,{'zone': True}
9031005918308744-0,9031005918308744,1647933265,1647933454,0,1647933297,1647933336,-1,543,1,C1,543,1,C1,15.6230487823486,58.4173469543457,{}
9031005918308744-0,9031005918308744,1647933265,1647933454,1,1647933338,1647933362,-1,543,1,C1,543,1,C1,15.6230602264404,58.417366027832,{}
9031005918308744-0,9031005918308744,1647933265,1647933454,2,1647933364,1647933376,-1,543,1,C1,543,1,C1,15.6230640411377,58.417350769043,{}
9031005918308744-0,9031005918308744,1647933265,1647933454,3,1647933387,1647933390,-1,543,1,C1,543,1,C1,15.6230659484863,58.417366027832,{}
9031005918308744-0,9031005918308744,1647933265,1647933454,4,1647933417,1647933448,-1,543,1,C1,543,1,C1,15.6224536895752,58.4177703857422,{}
9031005918308822-0,9031005918308822,1647931665,1647931771,0,1647931701,1647931741,-1,30,0,C1,-1,-1,-1,15.6232452392578,58.417106628418,{}
9031005918308822-1,9031005918308822,1647932349,1647932354,-1,-1,-1,-1,-1,-1,-1,-1,-1,-1,-1.0,-1.0,-1
9031005918308822-2,9031005918308822,1647932420,1647932722,0,1647932466,1647932515,C1,30,1,C1,30,1,C1,15.6228647232056,58.417423248291,{}
9031005918308822-2,9031005918308822,1647932420,1647932722,1,1647932521,1647932692,C1,30,1,C1,30,1,C1,15.6228475570679,58.4174385070801,{}
9031005918308823-0,9031005918308823,1647933955,1647934059,0,1647933977,1647934018,C3,-1,-1,-1,-1,-1,-1,15.6235904693604,58.4170112609863,{}
9031005918308823-0,9031005918308823,1647933955,1647934059,1,1647934053,1647934056,-1,-1,-1,-1,-1,-1,-1,15.6221799850464,58.4176788330078,{'zone': True}
9031005918308824-0,9031005918308824,1647929862,1647929987,0,1647929873,1647929914,C5,30,0,C1,-1,-1,-1,15.6242570877075,58.4166793823242,{}
9031005918308824-0,9031005918308824,1647929862,1647929987,1,1647929957,1647929982,-1,-1,-1,-1,-1,-1,-1,15.622163772583,58.4177360534668,{'zone': True}
9031005918308824-1,9031005918308824,1647930814,1647930821,-1,-1,-1,-1,-1,-1,-1,-1,-1,-1,-1.0,-1.0,-1
9031005918308824-2,9031005918308824,1647930863,1647930952,0,1647930893,1647930928,-1,30,1,C1,30,1,C1,15.6229200363159,58.417350769043,{}
9031005918308826-0,9031005918308826,1647933562,1647933717,0,1647933589,1647933641,C2,39,0,C1,-1,-1,-1,15.6232891082764,58.4171905517578,{'at_crossing': 'C1'}
9031005918308826-0,9031005918308826,1647933562,1647933717,1,1647933660,1647933698,-1,-1,-1,-1,-1,-1,-1,15.6228065490723,58.4176177978516,{}
9031005918308829-0,9031005918308829,1647929759,1647930077,0,1647929770,1647930018,C3,521,0,C3,521,1,C3,15.6236019134521,58.4170341491699,{}
9031005918308829-0,9031005918308829,1647929759,1647930077,1,1647930043,1647930050,C1,521,1,C3,521,1,C3,15.6227540969849,58.4174499511719,{}
9031005918308830-0,9031005918308830,1647929896,1647929992,0,1647929908,1647929936,B6,39,0,C1,-1,-1,-1,15.6244211196899,58.4167823791504,{}
9031005918308830-0,9031005918308830,1647929896,1647929992,1,1647929970,1647929986,E2,-1,-1,-1,-1,-1,-1,15.6223850250244,58.4178047180176,{}
9031005918308830-1,9031005918308830,1647930679,1647930683,-1,-1,-1,-1,-1,-1,-1,-1,-1,-1,-1.0,-1.0,-1
9031005918308830-2,9031005918308830,1647930733,1647930967,0,1647930773,1647930929,C2,520,1,C2,520,1,C2,15.6232385635376,58.417179107666,{'at_crossing': 'C1'}
9031005918308832-0,9031005918308832,1647931048,1647931529,0,1647931068,1647931447,C3,521,0,C3,-1,-1,-1,15.6235771179199,58.4169998168945,{}
9031005918308832-0,9031005918308832,1647931048,1647931529,1,1647931481,1647931526,-1,243,1,B4,243,1,B4,15.6221380233765,58.4176826477051,{'zone': True}
9031005918308832-1,9031005918308832,1647931572,1647931778,0,1647931580,1647931586,-1,243,1,B4,243,1,B4,15.6247415542603,58.4164543151856,{}
9031005918308832-1,9031005918308832,1647931572,1647931778,1,1647931599,1647931607,-1,243,1,B4,243,1,B4,15.6246538162231,58.4165763854981,{'at_crossing': 'B6'}
9031005918308832-1,9031005918308832,1647931572,1647931778,2,1647931627,1647931745,B4,243,1,B4,243,1,B4,15.6237363815308,58.4170799255371,{}
9031005918308837-0,9031005918308837,1647932242,1647932348,0,1647932245,1647932254,-1,521,0,C3,-1,-1,-1,15.6246337890625,58.4164199829102,{}
9031005918308837-0,9031005918308837,1647932242,1647932348,1,1647932276,1647932311,C3,-1,-1,-1,-1,-1,-1,15.6236152648926,58.4170341491699,{}
9031005918308845-0,9031005918308845,1647931327,1647931415,0,1647931338,1647931362,C5,620,0,C2,-1,-1,-1,15.6242189407349,58.4167175292969,{}
9031005918308845-0,9031005918308845,1647931327,1647931415,1,1647931399,1647931407,-1,-1,-1,-1,-1,-1,-1,15.6223926544189,58.417781829834,{}
9031005918308845-1,9031005918308845,1647932646,1647932649,-1,-1,-1,-1,-1,-1,-1,-1,-1,-1,-1.0,-1.0,-1
9031005920505500-0,9031005920505500,1647932862,1647933137,0,1647932872,1647933004,C5,16,0,C5,16,0,C5,15.6242256164551,58.416675567627,{}
9031005920505500-0,9031005920505500,1647932862,1647933137,1,1647933042,1647933047,-1,16,0,C5,16,0,C5,15.6231489181519,58.4171600341797,{}
9031005920505500-0,9031005920505500,1647932862,1647933137,2,1647933085,1647933109,-1,16,0,C5,16,0,C5,15.6227350234985,58.4176559448242,{}
9031005920505500-0,9031005920505500,1647932862,1647933137,3,1647933114,1647933117,-1,16,0,C5,16,0,C5,15.6227378845215,58.4176750183106,{}
9031005920505501-0,9031005920505501,1647931314,1647931420,0,1647931343,1647931372,A4,5,0,A4,5,0,A4,15.6238965988159,58.417179107666,{}
9031005920505501-1,9031005920505501,1647934048,1647934221,0,1647934080,1647934087,-1,5,1,B3,5,1,B3,15.6237850189209,58.4170341491699,{}
9031005920505501-1,9031005920505501,1647934048,1647934221,1,1647934093,1647934115,B4,5,1,B3,5,1,B3,15.6237764358521,58.4170532226563,{}
9031005920505501-1,9031005920505501,1647934048,1647934221,2,1647934131,1647934147,B3,5,1,B3,5,1,B3,15.6234731674194,58.4172286987305,{}
9031005920505501-1,9031005920505501,1647934048,1647934221,3,1647934194,1647934214,-1,5,1,B3,5,1,B3,15.6224927902222,58.4177436828613,{}
9031005920505502-0,9031005920505502,1647930436,1647930587,0,1647930459,1647930496,B3,5,1,B3,5,1,B3,15.6234674453735,58.4172286987305,{}
9031005920505502-0,9031005920505502,1647930436,1647930587,1,1647930526,1647930583,-1,5,1,B3,5,1,B3,15.6222429275513,58.4177360534668,{'zone': True}
9031005920505502-1,9031005920505502,1647933089,1647933165,0,1647933112,1647933124,A4,5,0,A4,5,0,A4,15.6240196228027,58.4171714782715,{}
9031005920505503-0,9031005920505503,1647930199,1647930681,0,1647930232,1647930607,A3,1,0,A3,1,0,A3,15.623649597168,58.4173545837402,{}
9031005920505503-0,9031005920505503,1647930199,1647930681,1,1647930632,1647930672,-1,1,0,A3,1,0,A3,15.6225318908691,58.4177894592285,{}
9031005920505503-1,9031005920505503,1647933248,1647933595,0,1647933282,1647933557,B3,5,1,B3,5,1,B3,15.6235017776489,58.4172706604004,{}
9031005920505504-0,9031005920505504,1647930448,1647930675,0,1647930500,1647930603,A1,14,1,A1,14,1,A1,15.622932434082,58.4176902770996,{}
9031005920505504-0,9031005920505504,1647930448,1647930675,1,1647930625,1647930670,-1,14,1,A1,14,1,A1,15.6221551895142,58.4176979064941,{'zone': True}
9031005920505504-1,9031005920505504,1647933986,1647934298,0,1647933999,1647934249,C5,16,0,C5,16,0,C5,15.6242828369141,58.4167137145996,{}
9031005920505505-0,9031005920505505,1647931622,1647931888,0,1647931642,1647931668,-1,16,1,C4,16,1,C4,15.6241121292114,58.4167404174805,{}
9031005920505505-0,9031005920505505,1647931622,1647931888,1,1647931677,1647931815,C4,16,1,C4,16,1,C4,15.6239414215088,58.4168319702148,{}
9031005920505506-0,9031005920505506,1647929823,1647930178,0,1647929832,1647929835,-1,13,0,B4,13,0,B4,15.6246767044067,58.4165687561035,{'at_crossing': 'B6'}
9031005920505506-0,9031005920505506,1647929823,1647930178,1,1647929864,1647930138,B4,13,0,B4,13,0,B4,15.6238040924072,58.4171180725098,{}
9031005920505506-1,9031005920505506,1647932876,1647933053,0,1647932909,1647932957,B2,13,1,B2,13,1,B2,15.6231679916382,58.4174308776856,{}
9031005920505506-1,9031005920505506,1647932876,1647933053,1,1647932964,1647933014,B2,13,1,B2,13,1,B2,15.6232166290283,58.4174270629883,{}
9031005920505507-0,9031005920505507,1647929759,1647929792,-1,-1,-1,-1,-1,-1,-1,-1,-1,-1,-1.0,-1.0,-1
9031005920505507-1,9031005920505507,1647930010,1647930064,0,1647930038,1647930047,-1,1,0,A3,1,0,A3,15.6228790283203,58.4177284240723,{'at_crossing': 'E'}
9031005920505507-2,9031005920505507,1647932056,1647932175,0,1647932095,1647932133,A2,1,1,A2,1,1,A2,15.623348236084,58.4174919128418,{}
9031005920505507-3,9031005920505507,1647934682,1647934729,0,1647934711,1647934729,A3,1,0,A3,1,0,A3,15.6236381530762,58.4173355102539,{}
9031005920505508-0,9031005920505508,1647931425,1647931667,0,1647931457,1647931602,B3,5,1,B3,5,1,B3,15.6234607696533,58.4172477722168,{}
9031005920505508-0,9031005920505508,1647931425,1647931667,1,1647931631,1647931636,C1,5,1,B3,5,1,B3,15.6229047775269,58.4174957275391,{}
9031005920505508-0,9031005920505508,1647931425,1647931667,2,1647931648,1647931652,B1,5,1,B3,5,1,B3,15.6228151321411,58.4175834655762,{}
9031005920505508-1,9031005920505508,1647934060,1647934275,0,1647934085,1647934189,A4,5,0,A4,5,0,A4,15.6238698959351,58.4171562194824,{}
9031005920505508-1,9031005920505508,1647934060,1647934275,1,1647934260,1647934268,-1,5,0,A4,5,0,A4,15.6221532821655,58.4177474975586,{'zone': True}
9031005920505509-0,9031005920505509,1647931806,1647932066,0,1647931834,1647932009,A4,5,0,A4,5,0,A4,15.6239404678345,58.4171524047852,{}
9031005920505509-0,9031005920505509,1647931806,1647932066,1,1647932043,1647932055,-1,5,0,A4,5,0,A4,15.6228713989258,58.4176750183106,{'at_crossing': 'E'}
9031005920505509-1,9031005920505509,1647934519,1647934712,0,1647934551,1647934688,B3,5,1,B3,5,1,B3,15.6234703063965,58.4172897338867,{}
9031005920505510-0,9031005920505510,1647929938,1647930056,0,1647929973,1647929999,B3,5,1,B3,5,1,B3,15.6234569549561,58.4172630310059,{}
9031005920505510-0,9031005920505510,1647929938,1647930056,1,1647930035,1647930047,-1,5,1,B3,5,1,B3,15.6224937438965,58.4177703857422,{}
9031005920505510-1,9031005920505510,1647932813,1647933062,0,1647932838,1647933005,A4,5,0,A4,5,0,A4,15.6239137649536,58.4171676635742,{}
9031005920505510-1,9031005920505510,1647932813,1647933062,1,1647933036,1647933041,-1,5,0,A4,5,0,A4,15.6229000091553,58.4176330566406,{}
9031005920505511-0,9031005920505511,1647929759,1647929934,0,1647929769,1647929871,A4,5,0,A4,5,0,A4,15.623987197876,58.4172058105469,{}
9031005920505511-0,9031005920505511,1647929759,1647929934,1,1647929890,1647929899,-1,5,0,A4,5,0,A4,15.6237182617188,58.4172668457031,{}
9031005920505511-1,9031005920505511,1647932613,1647932844,0,1647932640,1647932798,B3,5,1,B3,5,1,B3,15.6234683990479,58.4172515869141,{}
9031005920505513-0,9031005920505513,1647930835,1647930911,0,1647930869,1647930911,B3,5,1,B3,5,1,B3,15.6233949661255,58.4172515869141,{'at_crossing': 'B2'}
9031005920505513-1,9031005920505513,1647930962,1647931032,0,1647930983,1647931025,-1,5,1,B3,5,1,B3,15.6225233078003,58.4177703857422,{}
9031005920505513-2,9031005920505513,1647933438,1647933804,0,1647933467,1647933752,A4,5,0,A4,5,0,A4,15.6239004135132,58.4171829223633,{}
9031005920505513-2,9031005920505513,1647933438,1647933804,1,1647933775,1647933780,B1,5,0,A4,5,0,A4,15.6229543685913,58.417610168457,{}
9031005920505514-0,9031005920505514,1647932331,1647932539,0,1647932364,1647932502,A3,1,0,A3,1,0,A3,15.6236391067505,58.4173431396484,{}
9031005920505514-1,9031005920505514,1647934560,1647934728,0,1647934601,1647934728,A2,1,1,A2,1,1,A2,15.6233234405518,58.4175109863281,{}
9031005920505515-0,9031005920505515,1647931981,1647932251,0,1647932023,1647932183,B3,5,1,B3,5,1,B3,15.623438835144,58.4172439575195,{}
9031005920505515-0,9031005920505515,1647931981,1647932251,1,1647932207,1647932233,-1,5,1,B3,5,1,B3,15.6227579116821,58.4176979064941,{'at_crossing': 'E'}
9031005920505515-1,9031005920505515,1647934688,1647934730,0,1647934711,1647934730,A4,5,0,A4,5,0,A4,15.6239223480225,58.4171524047852,{}
9031005920505516-0,9031005920505516,1647929906,1647930270,0,1647929916,1647930132,D1,4,0,A6,20,1,D1,15.6248760223389,58.416561126709,{}
9031005920505516-0,9031005920505516,1647929906,1647930270,1,1647930206,1647930259,E2,20,1,D1,20,1,D1,15.6223077774048,58.417781829834,{}
9031005920505516-1,9031005920505516,1647932994,1647933153,0,1647933017,1647933065,A5,3,0,A5,3,1,A5,15.6242589950562,58.4170112609863,{}
9031005920505516-1,9031005920505516,1647932994,1647933153,1,1647933106,1647933129,-1,3,1,A5,3,1,A5,15.623010635376,58.4175910949707,{}
9031005920505517-0,9031005920505517,1647930442,1647930588,0,1647930469,1647930486,A4,5,0,A4,5,0,A4,15.6239576339722,58.4171867370606,{}
9031005920505517-0,9031005920505517,1647930442,1647930588,1,1647930515,1647930526,-1,5,0,A4,5,0,A4,15.6230897903442,58.4175605773926,{}
9031005920505517-0,9031005920505517,1647930442,1647930588,2,1647930533,1647930543,-1,5,0,A4,5,0,A4,15.6230087280273,58.4175605773926,{}
9031005920505517-0,9031005920505517,1647930442,1647930588,3,1647930559,1647930576,-1,5,0,A4,5,0,A4,15.6225528717041,58.4178047180176,{}
9031005920505517-1,9031005920505517,1647932820,1647933252,0,1647932857,1647933216,A2,1,1,A2,1,1,A2,15.6233291625977,58.4175071716309,{}
9031005920505517-1,9031005920505517,1647932820,1647933252,1,1647933243,1647933249,-1,1,1,A2,1,1,A2,15.6221551895142,58.4176940917969,{'zone': True}
9031005920505646-0,9031005920505646,1647932545,1647932927,0,1647932573,1647932892,A6,2,0,A6,4,1,A6,15.6246109008789,58.416862487793,{}
9031005920505647-0,9031005920505647,1647931503,1647931734,0,1647931530,1647931622,B5,14,0,B5,14,0,B5,15.6241512298584,58.4169464111328,{}
9031005920505647-0,9031005920505647,1647931503,1647931734,1,1647931694,1647931732,-1,14,0,B5,14,0,B5,15.6221265792847,58.4177169799805,{'zone': True}
9031005920505647-1,9031005920505647,1647933788,1647934152,0,1647933800,1647933820,D1,18,0,B5,-1,-1,-1,15.6249017715454,58.4165458679199,{}
9031005920505647-1,9031005920505647,1647933788,1647934152,1,1647933842,1647934032,A6,-1,-1,-1,2,1,A6,15.6246166229248,58.4168815612793,{}
9031005920505647-1,9031005920505647,1647933788,1647934152,2,1647934088,1647934148,-1,2,1,A6,2,1,A6,15.622184753418,58.4177284240723,{'zone': True}
9031005920505648-0,9031005920505648,1647932065,1647932140,0,1647932099,1647932140,A5,14,0,B5,3,1,A5,15.6242456436157,58.4170112609863,{}
9031005920505648-1,9031005920505648,1647932212,1647932382,0,1647932212,1647932340,-1,3,1,A5,3,1,A5,15.624303817749,58.4170761108398,{}
9031005920505649-0,9031005920505649,1647930122,1647930351,0,1647930160,1647930307,A2,1,1,A2,1,1,A2,15.6233463287354,58.4175338745117,{}
9031005920505649-1,9031005920505649,1647933076,1647933160,0,1647933102,1647933121,A3,1,0,A3,1,0,A3,15.623703956604,58.4173469543457,{}
9031005920505650-0,9031005920505650,1647931102,1647931246,0,1647931130,1647931207,B2,13,1,B2,13,1,B2,15.623140335083,58.4174423217773,{}
9031005920505650-0,9031005920505650,1647931102,1647931246,1,1647931227,1647931234,-1,13,1,B2,13,1,B2,15.6227207183838,58.4177131652832,{}
9031005920505650-1,9031005920505650,1647933372,1647933782,0,1647933396,1647933712,B4,13,0,B4,13,0,B4,15.6237688064575,58.4170989990234,{}
9031005920505650-1,9031005920505650,1647933372,1647933782,1,1647933746,1647933775,-1,13,0,B4,13,0,B4,15.6224813461304,58.4177665710449,{}
9031005920505651-0,9031005920505651,1647931814,1647931911,0,1647931846,1647931876,A3,1,0,A3,1,0,A3,15.6236362457275,58.4173316955566,{}
9031005920505651-1,9031005920505651,1647934004,1647934291,0,1647934037,1647934234,A2,1,1,A2,1,1,A2,15.6232967376709,58.4175148010254,{}
9031005920505651-1,9031005920505651,1647934004,1647934291,1,1647934263,1647934275,A1,1,1,A2,1,1,A2,15.6229934692383,58.4176406860352,{}
9031005920505652-0,9031005920505652,1647931333,1647931769,0,1647931345,1647931679,D1,4,0,A6,4,0,A6,15.6248502731323,58.4165382385254,{}
9031005920505652-0,9031005920505652,1647931333,1647931769,1,1647931728,1647931740,-1,-1,-1,-1,-1,-1,-1,15.6230907440186,58.4176254272461,{}
9031005920505652-1,9031005920505652,1647934677,1647934728,0,1647934691,1647934728,C5,3,0,A5,17,1,C5,15.6242542266846,58.4166717529297,{}
9031005920505653-0,9031005920505653,1647930714,1647930844,0,1647930732,1647930782,C4,16,1,C4,16,1,C4,15.6239738464355,58.416862487793,{}
9031005920505653-1,9031005920505653,1647933798,1647933963,0,1647933828,1647933832,-1,14,0,B5,14,0,B5,15.6244850158691,58.4168090820313,{}
9031005920505653-1,9031005920505653,1647933798,1647933963,1,1647933837,1647933885,-1,14,0,B5,14,0,B5,15.6244745254517,58.4168243408203,{}
9031005920505653-1,9031005920505653,1647933798,1647933963,2,1647933893,1647933898,-1,14,0,B5,14,0,B5,15.6244087219238,58.4168205261231,{}
9031005920505653-1,9031005920505653,1647933798,1647933963,3,1647933910,1647933927,-1,14,0,B5,14,0,B5,15.6242046356201,58.4169387817383,{}
9031005920505654-0,9031005920505654,1647931055,1647931275,0,1647931076,1647931224,B6,3,0,A5,12,1,B6,15.6244554519653,58.4167823791504,{}
9031005920505654-1,9031005920505654,1647934481,1647934728,0,1647934501,1647934728,B6,12,0,B6,12,1,B6,15.6244621276855,58.4167861938477,{}
9031005920505655-0,9031005920505655,1647930623,1647930750,0,1647930662,1647930679,A3,-1,-1,-1,-1,-1,-1,15.6236867904663,58.4173316955566,{}
9031005920505655-0,9031005920505655,1647930623,1647930750,1,1647930712,1647930745,-1,-1,-1,-1,-1,-1,-1,15.6222162246704,58.4177207946777,{'zone': True}
9031005920505655-1,9031005920505655,1647930818,1647931142,0,1647930851,1647931080,A6,2,1,A6,2,1,A6,15.6245889663696,58.4168434143066,{}
9031005920505655-1,9031005920505655,1647930818,1647931142,1,1647931127,1647931138,-1,2,1,A6,2,1,A6,15.6221857070923,58.4177360534668,{'zone': True}
9031005920505655-2,9031005920505655,1647933949,1647934166,0,1647933997,1647934116,B2,-1,-1,-1,-1,-1,-1,15.6231317520142,58.4174423217773,{}
9031005920505655-3,9031005920505655,1647934215,1647934529,0,1647934249,1647934501,B2,-1,-1,-1,11,1,B2,15.6231422424316,58.4173965454102,{}
9031005920505656-0,9031005920505656,1647931230,1647931348,0,1647931259,1647931293,A3,1,0,A3,1,0,A3,15.6236877441406,58.417350769043,{}
9031005920505656-1,9031005920505656,1647933221,1647933373,0,1647933248,1647933324,A2,1,1,A2,1,1,A2,15.6233234405518,58.4175148010254,{}
9031005920505656-1,9031005920505656,1647933221,1647933373,1,1647933326,1647933332,A2,1,1,A2,1,1,A2,15.6233310699463,58.4175071716309,{}
9031005920505656-1,9031005920505656,1647933221,1647933373,2,1647933357,1647933368,-1,1,1,A2,1,1,A2,15.6221952438355,58.4176940917969,{'zone': True}
9031005920505657-0,9031005920505657,1647932156,1647932511,0,1647932173,1647932402,C4,12,0,B6,21,1,C4,15.6239643096924,58.4168472290039,{}
9031005920505657-0,9031005920505657,1647932156,1647932511,1,1647932431,1647932495,-1,21,1,C4,21,1,C4,15.622802734375,58.4175529479981,{}
9031005920505658-0,9031005920505658,1647932912,1647932921,-1,-1,-1,-1,-1,-1,-1,-1,-1,-1,-1.0,-1.0,-1
9031005920505658-1,9031005920505658,1647932972,1647933024,0,1647933013,1647933020,-1,14,0,B5,14,0,B5,15.6221542358398,58.4177055358887,{'zone': True}
9031005920505659-0,9031005920505659,1647930463,1647930961,0,1647930490,1647930914,A5,-1,-1,-1,3,1,A5,15.6242389678955,58.4170265197754,{}
9031005920505659-1,9031005920505659,1647933942,1647934216,0,1647933961,1647934000,B6,3,0,A5,12,1,B6,15.6243686676025,58.4167747497559,{}
9031005920505659-1,9031005920505659,1647933942,1647934216,1,1647934037,1647934059,-1,12,1,B6,12,1,B6,15.6235132217407,58.4171447753906,{}
9031005920505659-1,9031005920505659,1647933942,1647934216,2,1647934063,1647934090,-1,12,1,B6,12,1,B6,15.6235456466675,58.4171524047852,{}
9031005920505659-1,9031005920505659,1647933942,1647934216,3,1647934115,1647934136,-1,12,1,B6,12,1,B6,15.6233549118042,58.4172248840332,{}
9031005920505659-1,9031005920505659,1647933942,1647934216,4,1647934191,1647934212,-1,12,1,B6,12,1,B6,15.6222047805786,58.4177055358887,{'zone': True}
9031005920505661-0,9031005920505661,1647931904,1647932147,0,1647931939,1647932094,B2,13,1,B2,13,1,B2,15.6232414245605,58.4174385070801,{}
9031005920505661-1,9031005920505661,1647934200,1647934683,0,1647934227,1647934632,B4,13,0,B4,13,0,B4,15.6238412857056,58.4171295166016,{}
9031005920505661-1,9031005920505661,1647934200,1647934683,1,1647934667,1647934677,-1,13,0,B4,13,0,B4,15.6222038269043,58.4177284240723,{'zone': True}
9031005920505662-0,9031005920505662,1647931136,1647931633,0,1647931154,1647931534,A6,2,0,A6,4,1,A6,15.6245803833008,58.4168434143066,{}
9031005920505662-0,9031005920505662,1647931136,1647931633,1,1647931619,1647931632,-1,4,1,A6,4,1,A6,15.6221590042114,58.4176330566406,{'zone': True}
9031005920505663-0,9031005920505663,1647931595,1647931755,0,1647931648,1647931666,A4,-1,-1,-1,-1,-1,-1,15.6240129470825,58.417179107666,{}
9031005920505663-0,9031005920505663,1647931595,1647931755,1,1647931701,1647931735,-1,-1,-1,-1,-1,-1,-1,15.6227970123291,58.4177742004395,{}
9031005920505663-1,9031005920505663,1647931926,1647932063,0,1647931937,1647931967,-1,-1,-1,-1,20,1,D1,15.6248588562012,58.4165725708008,{}
9031005920505663-1,9031005920505663,1647931926,1647932063,1,1647932034,1647932054,-1,20,1,D1,20,1,D1,15.6224994659424,58.4177589416504,{}
9031005920505664-0,9031005920505664,1647931696,1647931906,0,1647931716,1647931829,A6,3,0,A5,2,1,A6,15.6245536804199,58.4168090820313,{}
9031005920505664-0,9031005920505664,1647931696,1647931906,1,1647931843,1647931851,A5,2,1,A6,2,1,A6,15.6242570877075,58.4169616699219,{}
9031005920505664-1,9031005920505664,1647934704,1647934728,0,1647934723,1647934728,A6,2,0,A6,2,1,A6,15.6245651245117,58.4168472290039,{}
9031005920505665-0,9031005920505665,1647931783,1647931987,0,1647931814,1647931943,B4,13,0,B4,13,0,B4,15.6237869262695,58.4170722961426,{}
9031005920505666-0,9031005920505666,1647931321,1647931535,0,1647931362,1647931500,A2,1,1,A2,1,1,A2,15.6233072280884,58.4175033569336,{}
9031005920505666-0,9031005920505666,1647931321,1647931535,1,1647931522,1647931528,-1,1,1,A2,1,1,A2,15.6224126815796,58.4177513122559,{}
9031005920505666-1,9031005920505666,1647934119,1647934237,0,1647934152,1647934195,A3,1,0,A3,1,0,A3,15.6235942840576,58.4173355102539,{}
9031005920505667-0,9031005920505667,1647929984,1647930137,0,1647929990,1647930047,-1,18,0,B5,18,0,B5,15.624794960022,58.4163627624512,{}
9031005920505667-0,9031005920505667,1647929984,1647930137,1,1647930061,1647930068,-1,18,0,B5,23,1,D1,15.6248445510864,58.4165763854981,{}
9031005920505667-0,9031005920505667,1647929984,1647930137,2,1647930092,1647930107,A4,23,1,D1,23,1,D1,15.6239814758301,58.4172019958496,{}
9031005920505667-1,9031005920505667,1647930181,1647930375,0,1647930189,1647930328,D1,23,1,D1,23,1,D1,15.6249008178711,58.4165267944336,{}
9031005920505667-2,9031005920505667,1647932337,1647932500,0,1647932373,1647932378,A2,1,1,A2,1,1,A2,15.6233606338501,58.4175491333008,{}
9031005920505667-2,9031005920505667,1647932337,1647932500,1,1647932430,1647932490,-1,1,1,A2,1,1,A2,15.6227617263794,58.4177932739258,{}
9031005920505668-0,9031005920505668,1647930097,1647930345,0,1647930127,1647930300,B2,13,1,B2,13,1,B2,15.6232013702393,58.4174575805664,{}
9031005920505668-0,9031005920505668,1647930097,1647930345,1,1647930330,1647930333,-1,13,1,B2,13,1,B2,15.6224946975708,58.4178047180176,{}
9031005920505668-1,9031005920505668,1647932552,1647932916,0,1647932579,1647932823,B4,13,0,B4,13,0,B4,15.6238355636597,58.4171180725098,{}
9031005920505668-1,9031005920505668,1647932552,1647932916,1,1647932870,1647932913,-1,13,0,B4,13,0,B4,15.6221704483032,58.4177093505859,{'zone': True}
9031005920505669-0,9031005920505669,1647932348,1647932521,0,1647932360,1647932377,D1,3,0,A5,-1,-1,-1,15.6248836517334,58.4165458679199,{}
9031005920505669-0,9031005920505669,1647932348,1647932521,1,1647932432,1647932436,-1,-1,-1,-1,-1,-1,-1,15.6230936050415,58.4176406860352,{}
9031005920505669-0,9031005920505669,1647932348,1647932521,2,1647932443,1647932493,-1,-1,-1,-1,-1,-1,-1,15.6230916976929,58.4176368713379,{}
9031005920505670-0,9031005920505670,1647929758,1647930129,0,1647929758,1647930043,-1,4,1,A6,4,1,A6,15.6246795654297,58.416862487793,{}
9031005920505670-0,9031005920505670,1647929758,1647930129,1,1647930106,1647930125,-1,4,1,A6,4,1,A6,15.6221523284912,58.4177284240723,{'zone': True}
9031005920505670-1,9031005920505670,1647933630,1647934161,0,1647933640,1647933695,D1,4,0,A6,4,0,A6,15.6248989105225,58.4165344238281,{}
9031005920505670-1,9031005920505670,1647933630,1647934161,1,1647933752,1647933795,-1,-1,-1,-1,-1,-1,-1,15.6230459213257,58.4177322387695,{}
9031005920505670-1,9031005920505670,1647933630,1647934161,2,1647933822,1647934092,-1,-1,-1,-1,-1,-1,-1,15.6223182678223,58.4179039001465,{}
9031005920505670-1,9031005920505670,1647933630,1647934161,3,1647934108,1647934151,-1,-1,-1,-1,-1,-1,-1,15.6221351623535,58.4178352355957,{'zone': True}
9031005920505670-2,9031005920505670,1647934207,1647934574,0,1647934233,1647934508,A6,4,1,A6,4,1,A6,15.6246328353882,58.4168510437012,{}
9031005920505670-2,9031005920505670,1647934207,1647934574,1,1647934561,1647934569,-1,4,1,A6,4,1,A6,15.622163772583,58.4177322387695,{'zone': True}
9031005920505671-0,9031005920505671,1647932536,1647933130,0,1647932556,1647933012,B6,12,0,B6,12,1,B6,15.6244621276855,58.4167785644531,{}
9031005920505671-0,9031005920505671,1647932536,1647933130,1,1647933053,1647933061,-1,12,1,B6,12,1,B6,15.6230030059814,58.4175567626953,{}
9031005920505671-0,9031005920505671,1647932536,1647933130,2,1647933081,1647933107,-1,12,1,B6,12,1,B6,15.6225214004517,58.417781829834,{}
9031005920505672-0,9031005920505672,1647929759,1647930068,0,1647929759,1647930002,B5,21,1,C4,21,1,C4,15.6240119934082,58.4169082641602,{}
9031005920505672-0,9031005920505672,1647929759,1647930068,1,1647930037,1647930050,-1,21,1,C4,21,1,C4,15.6227912902832,58.4176139831543,{}
9031005920505673-0,9031005920505673,1647930698,1647930751,0,1647930742,1647930751,A2,1,1,A2,1,1,A2,15.6233682632446,58.4175415039063,{}
9031005920505673-1,9031005920505673,1647930789,1647931026,0,1647930789,1647930947,-1,1,1,A2,1,1,A2,15.6234655380249,58.4175109863281,{}
9031005920505673-1,9031005920505673,1647930789,1647931026,1,1647930977,1647931022,E2,1,1,A2,1,1,A2,15.6222295761108,58.4177742004395,{'zone': True}
9031005920505673-2,9031005920505673,1647933443,1647933897,0,1647933480,1647933836,A3,1,0,A3,1,0,A3,15.6237001419067,58.4173698425293,{}
9031005920505673-2,9031005920505673,1647933443,1647933897,1,1647933863,1647933892,-1,1,0,A3,1,0,A3,15.622260093689,58.4177436828613,{'zone': True}
9031005920505674-0,9031005920505674,1647931642,1647931864,0,1647931661,1647931665,-1,16,0,C5,16,0,C5,15.6244068145752,58.4165687561035,{}
9031005920505674-0,9031005920505674,1647931642,1647931864,1,1647931676,1647931797,C5,16,0,C5,16,0,C5,15.6242532730103,58.4166297912598,{}
9031005920505674-1,9031005920505674,1647934065,1647934278,0,1647934084,1647934208,C4,16,1,C4,16,1,C4,15.6239128112793,58.4168395996094,{}
9031005920505674-1,9031005920505674,1647934065,1647934278,1,1647934256,1647934269,-1,16,1,C4,16,1,C4,15.6223983764648,58.4177360534668,{}
9031005920505675-0,9031005920505675,1647929814,1647930279,0,1647929840,1647930193,A5,3,0,A5,3,1,A5,15.6242952346802,58.4170455932617,{}
9031005920505675-0,9031005920505675,1647929814,1647930279,1,1647930228,1647930262,-1,3,1,A5,3,1,A5,15.6229028701782,58.417724609375,{'at_crossing': 'E'}
9031005920505675-1,9031005920505675,1647933306,1647933700,0,1647933325,1647933614,C4,3,0,A5,21,1,C4,15.6239891052246,58.416862487793,{}
9031005920505675-1,9031005920505675,1647933306,1647933700,1,1647933655,1647933695,-1,21,1,C4,21,1,C4,15.622483253479,58.4177856445313,{}
9031005920505676-0,9031005920505676,1647930206,1647930371,0,1647930227,1647930307,B6,12,0,B6,12,1,B6,15.6244745254517,58.4167976379395,{}
9031005920505676-0,9031005920505676,1647930206,1647930371,1,1647930338,1647930346,-1,12,1,B6,12,1,B6,15.6230983734131,58.4175071716309,{}
9031005920505676-1,9031005920505676,1647933555,1647933779,0,1647933576,1647933678,A6,12,0,B6,4,1,A6,15.6246423721313,58.4168548583984,{}
9031005920505676-1,9031005920505676,1647933555,1647933779,1,1647933745,1647933774,-1,4,1,A6,4,1,A6,15.6221961975098,58.4177131652832,{'zone': True}
9031005920505677-0,9031005920505677,1647930779,1647931092,0,1647930810,1647931018,B4,13,0,B4,13,0,B4,15.6237859725952,58.417106628418,{}
9031005920505677-0,9031005920505677,1647930779,1647931092,1,1647931052,1647931086,-1,13,0,B4,13,0,B4,15.6221609115601,58.4177055358887,{'zone': True}
9031005920505677-1,9031005920505677,1647933966,1647934171,0,1647934010,1647934118,-1,13,1,B2,13,1,B2,15.6233491897583,58.4172744750977,{'at_crossing': 'B2'}
9031005920505678-0,9031005920505678,1647932354,1647932595,0,1647932382,1647932541,A6,17,0,C5,2,1,A6,15.6246299743652,58.4168701171875,{}
9031005920505678-0,9031005920505678,1647932354,1647932595,1,1647932583,1647932592,-1,2,1,A6,2,1,A6,15.6221504211426,58.4177322387695,{'zone': True}
9031005920505680-0,9031005920505680,1647932168,1647932532,0,1647932184,1647932253,-1,4,0,A6,17,1,C5,15.6244211196899,58.4165534973145,{'at_crossing': 'C5'}
9031005920505680-0,9031005920505680,1647932168,1647932532,1,1647932263,1647932408,C5,17,1,C5,17,1,C5,15.6242294311523,58.4166374206543,{}
9031005920505680-0,9031005920505680,1647932168,1647932532,2,1647932434,1647932494,-1,17,1,C5,17,1,C5,15.622875213623,58.4173431396484,{}
9031005920505681-0,9031005920505681,1647931225,1647931338,0,1647931238,1647931269,C5,12,0,B6,17,1,C5,15.6243076324463,58.4167175292969,{}
9031005920505681-0,9031005920505681,1647931225,1647931338,1,1647931323,1647931334,-1,17,1,C5,17,1,C5,15.622166633606,58.4177055358887,{'zone': True}
9031005920505682-0,9031005920505682,1647931897,1647932242,0,1647931929,1647932161,A6,2,0,A6,4,1,A6,15.624566078186,58.4168128967285,{}
9031005920505682-0,9031005920505682,1647931897,1647932242,1,1647932207,1647932231,-1,4,1,A6,4,1,A6,15.6224727630615,58.4177551269531,{}
9031005920505683-0,9031005920505683,1647932907,1647933026,0,1647932926,1647933026,C3,-1,-1,-1,-1,-1,-1,15.6235904693604,58.4170112609863,{}
9031005920505683-1,9031005920505683,1647933088,1647933177,0,1647933088,1647933135,-1,-1,-1,-1,-1,-1,-1,15.6236152648926,58.4170608520508,{}
9031005920505683-1,9031005920505683,1647933088,1647933177,1,1647933154,1647933160,C1,-1,-1,-1,-1,-1,-1,15.6227893829346,58.4174308776856,{}
9031005920505683-2,9031005920505683,1647933236,1647933337,0,1647933255,1647933284,A6,-1,-1,-1,2,1,A6,15.6245698928833,58.4168548583984,{}
9031005920505683-2,9031005920505683,1647933236,1647933337,1,1647933318,1647933333,-1,2,1,A6,2,1,A6,15.6221675872803,58.4177169799805,{'zone': True}
9031005920505685-0,9031005920505685,1647934668,1647934698,0,1647934691,1647934698,A5,17,0,C5,3,1,A5,15.6242780685425,58.4169960021973,{}
9031005920505686-0,9031005920505686,1647929759,1647929775,-1,-1,-1,-1,-1,-1,-1,-1,-1,-1,-1.0,-1.0,-1
9031005920505686-1,9031005920505686,1647933512,1647933839,0,1647933535,1647933782,A5,17,0,C5,3,1,A5,15.6243295669556,58.4170112609863,{}
9031005920505686-1,9031005920505686,1647933512,1647933839,1,1647933823,1647933828,-1,3,1,A5,3,1,A5,15.6225242614746,58.4177894592285,{}
9031005920505687-0,9031005920505687,1647930272,1647930478,0,1647930303,1647930424,A6,-1,-1,-1,2,1,A6,15.6245822906494,58.4168815612793,{}
9031005920505687-0,9031005920505687,1647930272,1647930478,1,1647930468,1647930473,E2,2,1,A6,2,1,A6,15.6221942901611,58.4178047180176,{'zone': True}
9031005920505687-1,9031005920505687,1647933320,1647933793,0,1647933331,1647933344,-1,2,0,A6,17,1,C5,15.6245431900024,58.4165229797363,{'at_crossing': 'C5'}
9031005920505687-1,9031005920505687,1647933320,1647933793,1,1647933368,1647933736,C5,17,1,C5,17,1,C5,15.6242599487305,58.4166946411133,{}
9031005920505688-0,9031005920505688,1647931147,1647931761,0,1647931176,1647931212,B3,11,0,B2,-1,-1,-1,15.6234397888184,58.4172401428223,{}
9031005920505688-0,9031005920505688,1647931147,1647931761,1,1647931226,1647931674,B2,-1,-1,-1,11,1,B2,15.623158454895,58.4174308776856,{}
9031005920505688-0,9031005920505688,1647931147,1647931761,2,1647931696,1647931738,-1,11,1,B2,11,1,B2,15.622820854187,58.4176330566406,{}
9031005920505688-1,9031005920505688,1647933854,1647934235,0,1647933862,1647933880,D1,11,0,B2,11,0,B2,15.6248531341553,58.4165267944336,{}
9031005920505688-1,9031005920505688,1647933854,1647934235,1,1647933914,1647933921,-1,11,0,B2,-1,-1,-1,15.6237945556641,58.4172401428223,{}
9031005920505688-1,9031005920505688,1647933854,1647934235,2,1647933944,1647934196,A1,-1,-1,-1,-1,-1,-1,15.6229696273804,58.4177017211914,{}
9031005920505696-0,9031005920505696,1647930247,1647930361,0,1647930260,1647930301,-1,16,0,C5,16,0,C5,15.6243314743042,58.4167137145996,{}
9031005920505696-0,9031005920505696,1647930247,1647930361,1,1647930334,1647930342,B1,16,0,C5,16,0,C5,15.6228189468384,58.4175605773926,{}
9031005920505696-1,9031005920505696,1647932724,1647933117,0,1647932741,1647933005,C4,16,1,C4,16,1,C4,15.6239585876465,58.4168510437012,{}
9031005920505696-1,9031005920505696,1647932724,1647933117,1,1647933079,1647933104,-1,16,1,C4,16,1,C4,15.6221237182617,58.4176902770996,{'zone': True}
9031005920505696-1,9031005920505696,1647932724,1647933117,2,1647933108,1647933112,-1,16,1,C4,16,1,C4,15.6221189498901,58.4176902770996,{'zone': True}
9031005920505697-0,9031005920505697,1647931970,1647932233,0,1647931997,1647932109,B6,3,0,A5,12,1,B6,15.6244325637817,58.4167785644531,{}
9031005920505697-0,9031005920505697,1647931970,1647932233,1,1647932188,1647932228,-1,12,1,B6,12,1,B6,15.6220970153809,58.4176864624023,{'zone': True}
9031005920505698-0,9031005920505698,1647931409,1647931680,0,1647931432,1647931623,A5,17,0,C5,3,1,A5,15.6243028640747,58.4170303344727,{}
9031005920505698-1,9031005920505698,1647934267,1647934469,0,1647934297,1647934384,A5,3,0,A5,3,1,A5,15.6241998672485,58.4169845581055,{}
9031005920505698-1,9031005920505698,1647934267,1647934469,1,1647934419,1647934455,-1,3,1,A5,3,1,A5,15.6224422454834,58.4177703857422,{}
9031005920505699-0,9031005920505699,1647930611,1647930830,0,1647930625,1647930650,D1,3,0,A5,-1,-1,-1,15.6249141693115,58.4165573120117,{}
9031005920505699-0,9031005920505699,1647930611,1647930830,1,1647930679,1647930738,A6,4,1,A6,4,1,A6,15.6245861053467,58.4168663024902,{}
9031005920505699-0,9031005920505699,1647930611,1647930830,2,1647930754,1647930762,-1,4,1,A6,4,1,A6,15.6241369247437,58.4170112609863,{'at_crossing': 'A4'}
9031005920505699-1,9031005920505699,1647934440,1647934520,0,1647934454,1647934477,C5,4,0,A6,-1,-1,-1,15.6242437362671,58.416690826416,{}
9031005920505731-0,9031005920505731,1647929758,1647930049,0,1647929758,1647930009,A1,15,1,A1,15,1,A1,15.6230297088623,58.4177055358887,{}
9031005920505731-0,9031005920505731,1647929758,1647930049,1,1647930031,1647930044,-1,15,1,A1,15,1,A1,15.6221933364868,58.4177207946777,{'zone': True}
9031005920505731-1,9031005920505731,1647933229,1647933448,0,1647933241,1647933349,C5,15,0,A1,-1,-1,-1,15.6242752075195,58.416690826416,{}
9031005920505731-1,9031005920505731,1647933229,1647933448,1,1647933412,1647933445,-1,-1,-1,-1,-1,-1,-1,15.6221466064453,58.4176864624023,{'zone': True}
9031005920505731-2,9031005920505731,1647933502,1647933710,0,1647933515,1647933607,D1,-1,-1,-1,20,1,D1,15.6248569488525,58.4165344238281,{}
9031005920505731-2,9031005920505731,1647933502,1647933710,1,1647933659,1647933696,-1,20,1,D1,20,1,D1,15.6228370666504,58.4176940917969,{'at_crossing': 'E'}
9031005920505732-0,9031005920505732,1647930793,1647931093,0,1647930808,1647931015,D1,15,0,A1,20,1,D1,15.6248769760132,58.4165458679199,{}
9031005920505732-0,9031005920505732,1647930793,1647931093,1,1647931064,1647931090,-1,20,1,D1,20,1,D1,15.6220512390137,58.4177398681641,{'zone': True}
9031005920505733-0,9031005920505733,1647932730,1647932825,0,1647932768,1647932784,A1,10,1,E2,10,1,E2,15.6229887008667,58.4176750183106,{}
9031005920505733-0,9031005920505733,1647932730,1647932825,1,1647932800,1647932822,-1,-1,-1,-1,-1,-1,-1,15.6221008300781,58.4176979064941,{'zone': True}
9031005920505733-1,9031005920505733,1647933731,1647933737,-1,-1,-1,-1,-1,-1,-1,-1,-1,-1,-1.0,-1.0,-1
9031005920505733-2,9031005920505733,1647933770,1647933946,0,1647933828,1647933902,-1,-1,-1,-1,15,1,A1,15.6230115890503,58.4177360534668,{}
9031005920505733-2,9031005920505733,1647933770,1647933946,1,1647933919,1647933942,-1,15,1,A1,15,1,A1,15.6221628189087,58.4176902770996,{'zone': True}
9031005920505734-0,9031005920505734,1647930693,1647931262,0,1647930726,1647931196,B5,6,0,E1,18,1,B5,15.6240520477295,58.4169464111328,{'at_crossing': 'B4'}
9031005920505734-0,9031005920505734,1647930693,1647931262,1,1647931204,1647931209,B5,18,1,B5,18,1,B5,15.6240177154541,58.4169540405273,{'at_crossing': 'B4'}
9031005920505734-1,9031005920505734,1647933241,1647933342,0,1647933299,1647933316,A1,14,1,A1,14,1,A1,15.6229476928711,58.4176788330078,{}
9031005920505735-0,9031005920505735,1647930116,1647930355,0,1647930133,1647930299,B5,14,0,B5,14,0,B5,15.6241140365601,58.416919708252,{}
9031005920505735-0,9031005920505735,1647930116,1647930355,1,1647930334,1647930340,-1,14,0,B5,14,0,B5,15.6227970123291,58.4176177978516,{}
9031005920505735-1,9031005920505735,1647932426,1647932748,0,1647932435,1647932711,D1,18,0,B5,20,1,D1,15.6248388290405,58.4165382385254,{}
9031005920505736-0,9031005920505736,1647929977,1647930506,0,1647930028,1647930035,A3,6,0,E1,6,0,E1,15.6236629486084,58.4173851013184,{}
9031005920505736-0,9031005920505736,1647929977,1647930506,1,1647930063,1647930486,A1,6,0,E1,6,0,E1,15.6230182647705,58.417724609375,{}
9031005920505736-1,9031005920505736,1647930581,1647931237,0,1647930650,1647931193,A1,-1,-1,-1,15,1,A1,15.6230030059814,58.4177017211914,{}
9031005920505736-1,9031005920505736,1647930581,1647931237,1,1647931216,1647931231,-1,15,1,A1,15,1,A1,15.6221685409546,58.4177169799805,{'zone': True}
9031005920505736-2,9031005920505736,1647934401,1647934655,0,1647934410,1647934602,D1,15,0,A1,21,1,C4,15.6248817443848,58.4165420532227,{}
9031005920505736-3,9031005920505736,1647934697,1647934728,0,1647934722,1647934728,C4,21,1,C4,21,1,C4,15.6239099502563,58.4168586730957,{'at_crossing': 'C3'}
9031005920505737-0,9031005920505737,1647932051,1647932170,0,1647932075,1647932110,A4,15,0,A1,-1,-1,-1,15.6239061355591,58.4172096252441,{}
9031005920505739-0,9031005920505739,1647930786,1647931136,0,1647930809,1647930826,A6,572,1,E1,572,1,E1,15.6246166229248,58.4168357849121,{}
9031005920505739-0,9031005920505739,1647930786,1647931136,1,1647930877,1647931088,-1,572,1,E1,6,1,E1,15.6222343444824,58.417896270752,{}
9031005920505739-0,9031005920505739,1647930786,1647931136,2,1647931091,1647931097,-1,6,1,E1,6,1,E1,15.6222534179688,58.4179191589356,{}
9031005920505739-0,9031005920505739,1647930786,1647931136,3,1647931117,1647931134,-1,6,1,E1,6,1,E1,15.6220989227295,58.4177665710449,{'zone': True}
9031005920505739-1,9031005920505739,1647934409,1647934707,0,1647934463,1647934683,E1,6,0,E1,6,1,E1,15.6222448348999,58.4178695678711,{}
9031005920505739-1,9031005920505739,1647934409,1647934707,1,1647934697,1647934703,-1,6,1,E1,6,1,E1,15.6221084594727,58.4177322387695,{'zone': True}
9031005920505740-0,9031005920505740,1647931659,1647932507,0,1647931679,1647932391,B5,10,0,B1,18,1,B5,15.624077796936,58.4169273376465,{}
9031005920505740-0,9031005920505740,1647931659,1647932507,1,1647932430,1647932492,-1,18,1,B5,18,1,B5,15.6228265762329,58.4176406860352,{}
9031005920505740-1,9031005920505740,1647934367,1647934508,0,1647934421,1647934492,A1,14,1,A1,14,1,A1,15.6229467391968,58.4176864624023,{}
9031005920505741-0,9031005920505741,1647930747,1647931259,0,1647930760,1647930787,C5,10,0,B1,-1,-1,-1,15.624231338501,58.4167060852051,{}
9031005920505741-0,9031005920505741,1647930747,1647931259,1,1647930810,1647930813,-1,-1,-1,-1,-1,-1,-1,15.6239404678345,58.4169158935547,{'at_crossing': 'B4'}
9031005920505741-0,9031005920505741,1647930747,1647931259,2,1647930830,1647930833,-1,-1,-1,-1,-1,-1,-1,15.6239786148071,58.4169235229492,{'at_crossing': 'B4'}
9031005920505741-0,9031005920505741,1647930747,1647931259,3,1647930835,1647930845,-1,-1,-1,-1,-1,-1,-1,15.6239728927612,58.4169082641602,{}
9031005920505741-0,9031005920505741,1647930747,1647931259,4,1647930851,1647930862,C4,-1,-1,-1,-1,-1,-1,15.6239776611328,58.4168586730957,{}
9031005920505741-0,9031005920505741,1647930747,1647931259,5,1647930864,1647930876,C4,-1,-1,-1,-1,-1,-1,15.6239967346191,58.4168739318848,{}
9031005920505741-0,9031005920505741,1647930747,1647931259,6,1647930879,1647930892,-1,-1,-1,-1,-1,-1,-1,15.6240148544312,58.4169845581055,{'at_crossing': 'B4'}
9031005920505741-0,9031005920505741,1647930747,1647931259,7,1647930906,1647930920,-1,-1,-1,-1,21,1,C4,15.6238994598389,58.416934967041,{'at_crossing': 'B4'}
9031005920505741-0,9031005920505741,1647930747,1647931259,8,1647930934,1647930945,B5,21,1,C4,21,1,C4,15.6240062713623,58.4169120788574,{'at_crossing': 'B4'}
9031005920505741-0,9031005920505741,1647930747,1647931259,9,1647930947,1647930952,-1,21,1,C4,21,1,C4,15.6239795684814,58.4169044494629,{}
9031005920505741-0,9031005920505741,1647930747,1647931259,10,1647930955,1647930960,-1,21,1,C4,21,1,C4,15.623987197876,58.4169006347656,{}
9031005920505741-0,9031005920505741,1647930747,1647931259,11,1647930968,1647930973,-1,21,1,C4,21,1,C4,15.6239633560181,58.416919708252,{'at_crossing': 'B4'}
9031005920505741-0,9031005920505741,1647930747,1647931259,12,1647931010,1647931013,-1,21,1,C4,21,1,C4,15.6239652633667,58.4169387817383,{'at_crossing': 'B4'}
9031005920505741-0,9031005920505741,1647930747,1647931259,13,1647931024,1647931034,B5,21,1,C4,21,1,C4,15.6240291595459,58.4169273376465,{'at_crossing': 'B4'}
9031005920505741-0,9031005920505741,1647930747,1647931259,14,1647931046,1647931051,B5,21,1,C4,21,1,C4,15.6239929199219,58.416919708252,{'at_crossing': 'B4'}
9031005920505741-0,9031005920505741,1647930747,1647931259,15,1647931054,1647931058,-1,21,1,C4,21,1,C4,15.6239757537842,58.4169273376465,{'at_crossing': 'B4'}
9031005920505741-0,9031005920505741,1647930747,1647931259,16,1647931064,1647931090,-1,21,1,C4,21,1,C4,15.6239490509033,58.4169120788574,{}
9031005920505741-0,9031005920505741,1647930747,1647931259,17,1647931092,1647931098,B5,21,1,C4,21,1,C4,15.6240482330322,58.4169540405273,{'at_crossing': 'B4'}
9031005920505741-0,9031005920505741,1647930747,1647931259,18,1647931101,1647931105,B5,21,1,C4,21,1,C4,15.6240730285645,58.4169692993164,{'at_crossing': 'B4'}
9031005920505741-0,9031005920505741,1647930747,1647931259,19,1647931112,1647931124,B5,21,1,C4,21,1,C4,15.6240377426147,58.4169578552246,{'at_crossing': 'B4'}
9031005920505741-0,9031005920505741,1647930747,1647931259,20,1647931127,1647931136,C4,21,1,C4,21,1,C4,15.6239614486694,58.4168891906738,{}
9031005920505741-0,9031005920505741,1647930747,1647931259,21,1647931139,1647931148,-1,21,1,C4,21,1,C4,15.6239500045776,58.4169044494629,{}
9031005920505741-0,9031005920505741,1647930747,1647931259,22,1647931162,1647931167,-1,21,1,C4,21,1,C4,15.6240358352661,58.4169845581055,{'at_crossing': 'B4'}
9031005920505741-0,9031005920505741,1647930747,1647931259,23,1647931169,1647931178,-1,21,1,C4,21,1,C4,15.6240539550781,58.4169731140137,{'at_crossing': 'B4'}
9031005920505741-0,9031005920505741,1647930747,1647931259,24,1647931181,1647931192,-1,21,1,C4,21,1,C4,15.6240930557251,58.4169998168945,{'at_crossing': 'A4'}
9031005920505742-0,9031005920505742,1647931882,1647932732,0,1647931931,1647932710,A1,10,1,E2,15,1,A1,15.623028755188,58.4177131652832,{}
9031005920505743-0,9031005920505743,1647929914,1647930261,0,1647929944,1647929976,A4,-1,-1,-1,-1,-1,-1,15.6239595413208,58.417179107666,{}
9031005920505743-0,9031005920505743,1647929914,1647930261,1,1647930020,1647930175,E1,-1,-1,-1,6,1,E1,15.6222553253174,58.4178657531738,{}
9031005920505743-0,9031005920505743,1647929914,1647930261,2,1647930181,1647930189,-1,6,1,E1,6,1,E1,15.6221647262573,58.4178695678711,{}
9031005920505743-0,9031005920505743,1647929914,1647930261,3,1647930200,1647930254,-1,6,1,E1,6,1,E1,15.6221141815186,58.4177436828613,{'zone': True}
9031005920505743-1,9031005920505743,1647933716,1647933956,0,1647933738,1647933898,B5,6,0,E1,6,0,E1,15.6240873336792,58.4169464111328,{}
9031005920505743-2,9031005920505743,1647933991,1647934282,0,1647934024,1647934203,B5,18,1,B5,18,1,B5,15.6240816116333,58.4169311523438,{}
9031005920505743-2,9031005920505743,1647933991,1647934282,1,1647934258,1647934272,-1,18,1,B5,18,1,B5,15.622706413269,58.4177169799805,{}
9031005920505744-0,9031005920505744,1647932021,1647932140,0,1647932069,1647932100,B1,10,0,B1,10,0,B1,15.6229200363159,58.4175834655762,{}
9031005920505745-0,9031005920505745,1647931515,1647931674,0,1647931524,1647931583,-1,6,0,E1,6,0,E1,15.6248111724854,58.4165725708008,{}
9031005920505745-0,9031005920505745,1647931515,1647931674,1,1647931621,1647931638,A2,6,0,E1,6,0,E1,15.6233263015747,58.4174957275391,{}
9031005920505745-1,9031005920505745,1647931709,1647932148,0,1647931719,1647932081,D1,6,0,E1,23,1,D1,15.6248807907105,58.4165344238281,{}
9031005920505746-0,9031005920505746,1647929758,1647929928,0,1647929758,1647929893,B2,11,1,B2,11,1,B2,15.6231336593628,58.4174690246582,{}
9031005920505746-1,9031005920505746,1647932345,1647932601,0,1647932377,1647932571,B2,11,0,B2,11,1,B2,15.6231317520142,58.4174423217773,{}
9031005920505747-0,9031005920505747,1647931143,1647931999,0,1647931170,1647931195,A5,18,0,B5,-1,-1,-1,15.6242532730103,58.4170227050781,{}
9031005920505747-0,9031005920505747,1647931143,1647931999,1,1647931198,1647931213,A5,-1,-1,-1,-1,-1,-1,15.6242532730103,58.4169960021973,{}
9031005920505747-0,9031005920505747,1647931143,1647931999,2,1647931216,1647931222,A5,-1,-1,-1,-1,-1,-1,15.6242542266846,58.4169883728027,{}
9031005920505747-0,9031005920505747,1647931143,1647931999,3,1647931265,1647931983,E1,-1,-1,-1,6,1,E1,15.6222629547119,58.4178123474121,{}
9031005920505748-0,9031005920505748,1647932532,1647932922,0,1647932603,1647932884,E1,6,0,E1,6,1,E1,15.6223335266113,58.4178504943848,{}
9031005920505748-0,9031005920505748,1647932532,1647932922,1,1647932899,1647932917,-1,6,1,E1,6,1,E1,15.6221122741699,58.4177703857422,{'zone': True}
9031005920505749-0,9031005920505749,1647931790,1647932105,0,1647931850,1647932098,E2,10,1,E2,10,1,E2,15.6222867965698,58.4177894592285,{}
9031005920505751-0,9031005920505751,1647930193,1647930340,0,1647930211,1647930229,A5,10,1,E2,10,1,E2,15.6242589950562,58.4170227050781,{}
9031005920505751-0,9031005920505751,1647930193,1647930340,1,1647930255,1647930262,-1,10,1,E2,10,1,E2,15.6231079101563,58.4175834655762,{}
9031005920505751-0,9031005920505751,1647930193,1647930340,2,1647930289,1647930318,E1,10,1,E2,10,1,E2,15.6222972869873,58.4178352355957,{}
9031005920505751-1,9031005920505751,1647932716,1647933046,0,1647932750,1647933010,B1,10,0,B1,10,0,B1,15.6229209899902,58.4175682067871,{}
9031005920505752-0,9031005920505752,1647932921,1647933799,0,1647932989,1647933284,A1,6,0,E1,6,0,E1,15.622974395752,58.4177017211914,{}
9031005920505752-0,9031005920505752,1647932921,1647933799,1,1647933309,1647933781,E1,6,0,E1,6,1,E1,15.6222867965698,58.4178733825684,{}
9031005920505753-0,9031005920505753,1647931878,1647931976,0,1647931893,1647931917,B6,6,0,E1,6,0,E1,15.624418258667,58.4167709350586,{}
9031005920505753-1,9031005920505753,1647933314,1647933621,0,1647933323,1647933331,-1,1,1,A2,1,1,A2,15.6247968673706,58.4166030883789,{'at_crossing': 'A6'}
9031005920505753-1,9031005920505753,1647933314,1647933621,1,1647933360,1647933600,A2,1,1,A2,1,1,A2,15.6233081817627,58.4175186157227,{}
9031005920505754-0,9031005920505754,1647930456,1647930837,0,1647930501,1647930784,B2,11,0,B2,11,1,B2,15.6231126785278,58.4174537658691,{}
9031005920505754-0,9031005920505754,1647930456,1647930837,1,1647930802,1647930811,-1,11,1,B2,11,1,B2,15.6228408813477,58.4176292419434,{}
9031005920505754-1,9031005920505754,1647933162,1647933525,0,1647933201,1647933484,B2,11,0,B2,11,1,B2,15.6231441497803,58.4174385070801,{}
9031005920505754-1,9031005920505754,1647933162,1647933525,1,1647933515,1647933521,-1,11,1,B2,11,1,B2,15.6221780776978,58.4176902770996,{'zone': True}
9031005920505755-0,9031005920505755,1647931235,1647931338,0,1647931283,1647931327,E2,10,1,E2,10,1,E2,15.6223058700562,58.4177742004395,{}
9031005920505755-1,9031005920505755,1647933982,1647934271,0,1647934049,1647934213,B1,10,0,B1,10,0,B1,15.6229305267334,58.4176216125488,{}
9031005920505755-1,9031005920505755,1647933982,1647934271,1,1647934216,1647934227,B1,10,0,B1,10,0,B1,15.6229486465454,58.4176177978516,{}
9031005920505755-1,9031005920505755,1647933982,1647934271,2,1647934246,1647934268,-1,10,0,B1,10,0,B1,15.6221733093262,58.4177131652832,{'zone': True}
9031005920505756-0,9031005920505756,1647931003,1647931240,0,1647931047,1647931208,B1,10,0,B1,10,0,B1,15.6228933334351,58.4176063537598,{}
9031005920505756-0,9031005920505756,1647931003,1647931240,1,1647931224,1647931233,-1,10,0,B1,10,0,B1,15.622465133667,58.4177551269531,{}
9031005920505756-1,9031005920505756,1647934568,1647934728,0,1647934637,1647934728,E1,10,1,E2,10,1,E2,15.6223335266113,58.4177970886231,{}
9031005920505757-0,9031005920505757,1647929759,1647929815,0,1647929759,1647929763,B5,18,1,B5,18,1,B5,15.624135017395,58.4169425964356,{}
9031005920505757-0,9031005920505757,1647929759,1647929815,1,1647929801,1647929814,-1,18,1,B5,18,1,B5,15.6221647262573,58.4177169799805,{'zone': True}
9031005920505757-1,9031005920505757,1647931738,1647931843,0,1647931790,1647931817,A1,14,1,A1,14,1,A1,15.6229829788208,58.4176826477051,{}
9031005920505758-0,9031005920505758,1647930059,1647930334,0,1647930117,1647930303,B1,10,0,B1,10,0,B1,15.6229066848755,58.4175987243652,{}
9031005920505758-0,9031005920505758,1647930059,1647930334,1,1647930327,1647930332,-1,10,0,B1,10,0,B1,15.6221532821655,58.4176979064941,{'zone': True}
9031005920505758-1,9031005920505758,1647933636,1647933907,0,1647933677,1647933698,A2,10,1,E2,10,1,E2,15.623293876648,58.4174995422363,{}
9031005920505758-1,9031005920505758,1647933636,1647933907,1,1647933731,1647933899,E1,10,1,E2,-1,-1,-1,15.6222829818726,58.4178199768066,{}
9031005920505759-0,9031005920505759,1647932637,1647933126,0,1647932713,1647933090,E1,10,1,E2,10,1,E2,15.6223230361938,58.4178314208984,{}
9031005920505759-0,9031005920505759,1647932637,1647933126,1,1647933103,1647933120,E2,10,1,E2,10,1,E2,15.6221981048584,58.4177780151367,{'zone': True}
9031005920703443-0,9031005920703443,1647933643,1647933721,0,1647933667,1647933681,C2,617,0,C2,-1,-1,-1,15.6233282089233,58.417179107666,{}
9031005920703853-0,9031005920703853,1647933084,1647933170,0,1647933113,1647933131,-1,-1,-1,-1,-1,-1,-1,15.6230335235596,58.4173126220703,{}
9031005920703853-0,9031005920703853,1647933084,1647933170,1,1647933152,1647933159,-1,-1,-1,-1,-1,-1,-1,15.6228113174438,58.4176216125488,{}
9031005920703856-0,9031005920703856,1647933002,1647933143,0,1647933024,1647933029,B6,241,1,D1,241,1,D1,15.6243381500244,58.4167785644531,{}
9031005920703856-0,9031005920703856,1647933002,1647933143,1,1647933059,1647933071,-1,241,1,D1,241,1,D1,15.6231298446655,58.4173316955566,{}
9031005920703856-0,9031005920703856,1647933002,1647933143,2,1647933088,1647933112,C1,241,1,D1,241,1,D1,15.6228818893433,58.4174995422363,{}
9031005920703863-0,9031005920703863,1647932161,1647932256,0,1647932173,1647932207,C5,521,0,C3,-1,-1,-1,15.6241884231567,58.4166679382324,{}
9031005920703867-0,9031005920703867,1647933894,1647934012,0,1647933902,1647933931,C5,530,0,C1,-1,-1,-1,15.6242055892944,58.4166717529297,{}
9031005920703867-0,9031005920703867,1647933894,1647934012,1,1647933979,1647934008,-1,-1,-1,-1,-1,-1,-1,15.622127532959,58.4176979064941,{'zone': True}
9031008082600757-0,9031008082600757,1647932770,1647932849,0,1647932776,1647932809,D1,185,1,-1,185,1,-1,15.624870300293,58.4165382385254,{}
